Threshold,Precision,Recall,F1_Score,Total_Cost,Captured_Churners,Missed_Churners
0.05,0.26541554959785524,0.972972972972973,0.41706161137440756,105400.0,396,11
0.055,0.2731063238359972,0.9656019656019657,0.4257854821235103,105600.0,393,14
0.06,0.27896995708154504,0.9582309582309583,0.43213296398891965,106400.0,390,17
0.065,0.2893553223388306,0.9484029484029484,0.4434233199310741,107000.0,386,21
0.07,0.29937791601866254,0.9459459459459459,0.4548139397519197,105550.0,385,22
0.075,0.30973451327433627,0.9459459459459459,0.4666666666666667,103400.0,385,22
0.08,0.3164451827242525,0.9361179361179361,0.4729981378026071,105250.0,381,26
0.08499999999999999,0.3258620689655172,0.9287469287469288,0.4824505424377792,105900.0,378,29
0.09,0.33156028368794327,0.918918918918919,0.48729641693811077,108100.0,374,33
0.095,0.3406998158379374,0.9090909090909091,0.4956463496316142,109800.0,370,37
0.09999999999999999,0.3520992366412214,0.9066339066339066,0.5072164948453608,108850.0,369,38
0.105,0.36031589338598224,0.8968058968058968,0.5140845070422535,110900.0,365,42
0.10999999999999999,0.3720452209660843,0.8894348894348895,0.5246376811594203,111750.0,362,45
0.11499999999999999,0.38461538461538464,0.8845208845208845,0.5361131794489948,111800.0,360,47
0.12,0.3867102396514161,0.8722358722358723,0.5358490566037736,115650.0,355,52
0.12499999999999999,0.391304347826087,0.8624078624078624,0.5383435582822086,118400.0,351,56
0.13,0.40022805017103763,0.8624078624078624,0.5467289719626168,117400.0,351,56
0.135,0.4062863795110594,0.8574938574938575,0.5513428120063191,118400.0,349,58
0.13999999999999999,0.4145758661887694,0.8525798525798526,0.5578778135048231,119200.0,347,60
0.145,0.4188034188034188,0.8427518427518428,0.5595432300163132,122100.0,343,64
0.14999999999999997,0.42355889724310775,0.8304668304668305,0.5609958506224066,125800.0,338,69
0.15499999999999997,0.4386422976501306,0.8255528255528255,0.5728900255754475,126100.0,336,71
0.15999999999999998,0.45,0.8181818181818182,0.5806451612903226,127650.0,333,74
0.16499999999999998,0.4596100278551532,0.8108108108108109,0.5866666666666667,129400.0,330,77
0.16999999999999998,0.47126436781609193,0.8058968058968059,0.5947416137805984,130200.0,328,79
0.175,0.4743777452415813,0.7960687960687961,0.5944954128440367,133350.0,324,83
0.18,0.48343373493975905,0.7886977886977887,0.5994397759103641,135250.0,321,86
0.185,0.4878048780487805,0.7862407862407862,0.6020696142991533,135800.0,320,87
0.19,0.496875,0.7813267813267813,0.6074498567335244,136900.0,318,89
0.195,0.5063897763578274,0.7788697788697788,0.6137463697967086,137150.0,317,90
0.19999999999999996,0.5155482815057283,0.773955773955774,0.618860510805501,138300.0,315,92
0.20499999999999996,0.5287162162162162,0.769041769041769,0.6266266266266266,139250.0,313,94
0.20999999999999996,0.5320623916811091,0.7542997542997543,0.6239837398373984,144200.0,307,100
0.21499999999999997,0.5361552028218695,0.7469287469287469,0.6242299794661191,146550.0,304,103
0.21999999999999997,0.543010752688172,0.7444717444717445,0.627979274611399,147050.0,303,104
0.22499999999999998,0.551094890510949,0.742014742014742,0.6324607329842932,147500.0,302,105
0.22999999999999998,0.5613382899628253,0.742014742014742,0.6391534391534391,147000.0,302,105
0.235,0.5633270321361059,0.7321867321867321,0.6367521367521367,150350.0,298,109
0.24,0.5664739884393064,0.7223587223587223,0.6349892008639308,153650.0,294,113
0.245,0.5739644970414202,0.714987714987715,0.6367614879649891,155900.0,291,116
0.24999999999999994,0.5791583166332666,0.7100737100737101,0.6379690949227373,157400.0,289,118
0.25499999999999995,0.5865580448065173,0.7076167076167076,0.6414253897550112,157950.0,288,119
0.25999999999999995,0.5905349794238683,0.7051597051597052,0.6427771556550952,158650.0,287,120
0.26499999999999996,0.5962343096234309,0.7002457002457002,0.6440677966101694,160150.0,285,122
0.26999999999999996,0.6016949152542372,0.6977886977886978,0.646188850967008,160800.0,284,123
0.27499999999999997,0.6004273504273504,0.6904176904176904,0.6422857142857142,163450.0,281,126
0.27999999999999997,0.6065934065934065,0.6781326781326781,0.6403712296983759,167550.0,276,131
0.285,0.6124721603563474,0.6756756756756757,0.6425233644859814,168200.0,275,132
0.29,0.6167800453514739,0.6683046683046683,0.6415094339622641,170650.0,272,135
0.295,0.6164383561643836,0.6633906633906634,0.6390532544378699,172400.0,270,137
0.3,0.6157407407407407,0.6535626535626535,0.634088200238379,175900.0,266,141
0.30499999999999994,0.6229508196721312,0.6535626535626535,0.6378896882494005,175650.0,266,141
0.30999999999999994,0.6288416075650118,0.6535626535626535,0.6409638554216868,175450.0,266,141
0.31499999999999995,0.631578947368421,0.6486486486486487,0.64,177100.0,264,143
0.31999999999999995,0.6390243902439025,0.6437346437346437,0.6413708690330477,178600.0,262,145
0.32499999999999996,0.6442786069651741,0.6363636363636364,0.6402966625463535,181050.0,259,148
0.32999999999999996,0.648989898989899,0.6314496314496314,0.6400996264009963,182650.0,257,150
0.33499999999999996,0.6506329113924051,0.6314496314496314,0.6408977556109726,182600.0,257,150
0.33999999999999997,0.6547314578005116,0.628992628992629,0.6416040100250626,183350.0,256,151
0.3449999999999999,0.6649214659685864,0.6240786240786241,0.6438529784537389,184800.0,254,153
0.3499999999999999,0.6657894736842105,0.6216216216216216,0.6429479034307497,185650.0,253,154
0.3549999999999999,0.6648648648648648,0.6044226044226044,0.6332046332046332,191800.0,246,161
0.35999999999999993,0.6712328767123288,0.601965601965602,0.6347150259067358,192500.0,245,162
0.36499999999999994,0.6767955801104972,0.601965601965602,0.6371911573472041,192350.0,245,162
0.36999999999999994,0.6836158192090396,0.5945945945945946,0.6360052562417872,194800.0,242,165
0.37499999999999994,0.6867816091954023,0.5872235872235873,0.633112582781457,197350.0,239,168
0.37999999999999995,0.6952662721893491,0.5773955773955773,0.6308724832214765,200650.0,235,172
0.38499999999999995,0.6973293768545994,0.5773955773955773,0.6317204301075269,200600.0,235,172
0.38999999999999996,0.7048192771084337,0.5749385749385749,0.6332882273342354,201300.0,234,173
0.39499999999999996,0.706060606060606,0.5724815724815725,0.6322930800542741,202150.0,233,174
0.3999999999999999,0.706060606060606,0.5724815724815725,0.6322930800542741,202150.0,233,174
0.4049999999999999,0.706060606060606,0.5724815724815725,0.6322930800542741,202150.0,233,174
0.4099999999999999,0.7071651090342679,0.5577395577395577,0.6236263736263736,207400.0,227,180
0.4149999999999999,0.7129337539432177,0.5552825552825553,0.6243093922651933,208150.0,226,181
0.41999999999999993,0.7170418006430869,0.547911547911548,0.6211699164345403,210700.0,223,184
0.42499999999999993,0.7308970099667774,0.5405405405405406,0.6214689265536724,213050.0,220,187
0.42999999999999994,0.7324414715719063,0.538083538083538,0.6203966005665722,213900.0,219,188
0.43499999999999994,0.7380952380952381,0.5331695331695332,0.6191155492154066,215550.0,217,190
0.43999999999999995,0.7422680412371134,0.5307125307125307,0.6189111747851003,216350.0,216,191
0.44499999999999995,0.7448275862068966,0.5307125307125307,0.6197991391678622,216300.0,216,191
0.4499999999999999,0.7448275862068966,0.5307125307125307,0.6197991391678622,216300.0,216,191
0.4549999999999999,0.7465277777777778,0.5282555282555282,0.6187050359712231,217150.0,215,192
0.4599999999999999,0.7562724014336918,0.5184275184275184,0.6151603498542274,220500.0,211,196
0.4649999999999999,0.7554744525547445,0.5085995085995086,0.6079295154185022,224050.0,207,200
0.4699999999999999,0.762962962962963,0.5061425061425061,0.6085672082717873,224800.0,206,201
0.4749999999999999,0.7620817843866171,0.5036855036855037,0.606508875739645,225700.0,205,202
0.4799999999999999,0.7660377358490567,0.4987714987714988,0.6041666666666666,227400.0,203,204
0.48499999999999993,0.7662835249042146,0.4914004914004914,0.5988023952095808,230050.0,200,207
0.48999999999999994,0.7713178294573644,0.48894348894348894,0.5984962406015037,230850.0,199,208
0.49499999999999994,0.7764705882352941,0.4864864864864865,0.5981873111782477,231650.0,198,209
0.49999999999999994,0.7747035573122529,0.48157248157248156,0.593939393939394,233450.0,196,211
0.5049999999999999,0.7729083665338645,0.47665847665847666,0.5896656534954408,235250.0,194,213
0.5099999999999999,0.7773279352226721,0.47174447174447176,0.5871559633027523,236950.0,192,215
0.5149999999999999,0.78099173553719,0.4643734643734644,0.5824345146379045,239550.0,189,218
0.5199999999999999,0.7966101694915254,0.4619164619164619,0.5847589424572317,240200.0,188,219
0.5249999999999999,0.8,0.4619164619164619,0.5856697819314641,240150.0,188,219
0.5299999999999999,0.7982832618025751,0.457002457002457,0.58125,241950.0,186,221
0.5349999999999999,0.8017241379310345,0.457002457002457,0.5821596244131455,241900.0,186,221
0.5399999999999999,0.8034934497816594,0.4520884520884521,0.5786163522012578,243650.0,184,223
0.5449999999999999,0.8070175438596491,0.4520884520884521,0.5795275590551181,243600.0,184,223
0.5499999999999999,0.8125,0.44717444717444715,0.5768621236133122,245300.0,182,225
0.5549999999999999,0.8190045248868778,0.44471744471744473,0.5764331210191083,246100.0,181,226
0.5599999999999999,0.821917808219178,0.44226044226044225,0.5750798722044729,246950.0,180,227
0.565,0.8341232227488151,0.43243243243243246,0.56957928802589,250350.0,176,231
0.57,0.8357487922705314,0.4250614250614251,0.5635179153094463,253000.0,173,234
0.575,0.8382352941176471,0.4201474201474201,0.5597381342062193,254750.0,171,236
0.58,0.8465346534653465,0.4201474201474201,0.5615763546798029,254650.0,171,236
0.585,0.8542713567839196,0.4176904176904177,0.5610561056105611,255450.0,170,237
0.59,0.8578680203045685,0.4152334152334152,0.5596026490066225,256300.0,169,238
0.595,0.8608247422680413,0.4103194103194103,0.5557404326123128,258050.0,167,240
0.6,0.8648648648648649,0.3931203931203931,0.5405405405405406,264250.0,160,247
0.605,0.8695652173913043,0.3931203931203931,0.5414551607445008,264200.0,160,247
0.61,0.8695652173913043,0.3931203931203931,0.5414551607445008,264200.0,160,247
0.615,0.8764044943820225,0.3832923832923833,0.5333333333333333,267700.0,156,251
0.62,0.8764044943820225,0.3832923832923833,0.5333333333333333,267700.0,156,251
0.625,0.8806818181818182,0.3808353808353808,0.5317324185248714,268550.0,155,252
0.63,0.8857142857142857,0.3808353808353808,0.5326460481099656,268500.0,155,252
0.635,0.8901734104046243,0.3783783783783784,0.5310344827586206,269350.0,154,253
0.6399999999999999,0.8901734104046243,0.3783783783783784,0.5310344827586206,269350.0,154,253
0.6449999999999999,0.8928571428571429,0.36855036855036855,0.5217391304347826,272900.0,150,257
0.6499999999999999,0.8982035928143712,0.36855036855036855,0.5226480836236934,272850.0,150,257
0.6549999999999999,0.896969696969697,0.36363636363636365,0.5174825174825175,274650.0,148,259
0.6599999999999999,0.901840490797546,0.36117936117936117,0.5157894736842106,275500.0,147,260
0.6649999999999999,0.9012345679012346,0.35872235872235875,0.5131810193321616,276400.0,146,261
0.6699999999999999,0.90625,0.35626535626535627,0.5114638447971781,277250.0,145,262
0.6749999999999999,0.9050632911392406,0.35135135135135137,0.5061946902654867,279050.0,143,264
0.6799999999999999,0.9044585987261147,0.3488943488943489,0.5035460992907801,279950.0,142,265
0.6849999999999999,0.9102564102564102,0.3488943488943489,0.5044404973357016,279900.0,142,265
0.69,0.9096774193548387,0.3464373464373464,0.501779359430605,280800.0,141,266
0.695,0.9150326797385621,0.343980343980344,0.5,281650.0,140,267
0.7,0.9139072847682119,0.33906633906633904,0.4946236559139785,283450.0,138,269
0.705,0.912751677852349,0.33415233415233414,0.4892086330935252,285250.0,136,271
0.71,0.9115646258503401,0.32923832923832924,0.48375451263537905,287050.0,134,273
0.715,0.9090909090909091,0.3194103194103194,0.4727272727272727,290650.0,130,277
0.72,0.9090909090909091,0.3194103194103194,0.4727272727272727,290650.0,130,277
0.725,0.9071428571428571,0.31203931203931207,0.4643510054844607,293350.0,127,280
0.73,0.9130434782608695,0.3095823095823096,0.46238532110091746,294200.0,126,281
0.735,0.9124087591240876,0.3071253071253071,0.45955882352941174,295100.0,125,282
0.74,0.917910447761194,0.3022113022113022,0.45471349353049906,296850.0,123,284
0.7449999999999999,0.9172932330827067,0.29975429975429974,0.45185185185185184,297750.0,122,285
0.7499999999999999,0.9166666666666666,0.2972972972972973,0.4489795918367347,298650.0,121,286
0.7549999999999999,0.9133858267716536,0.28501228501228504,0.4344569288389513,303150.0,116,291
0.7599999999999999,0.912,0.2800982800982801,0.42857142857142855,304950.0,114,293
0.7649999999999999,0.9105691056910569,0.2751842751842752,0.4226415094339623,306750.0,112,295
0.7699999999999999,0.9090909090909091,0.2702702702702703,0.4166666666666667,308550.0,110,297
0.7749999999999999,0.9090909090909091,0.2702702702702703,0.4166666666666667,308550.0,110,297
0.7799999999999999,0.9067796610169492,0.2628992628992629,0.4076190476190476,311250.0,107,300
0.7849999999999999,0.9067796610169492,0.2628992628992629,0.4076190476190476,311250.0,107,300
0.7899999999999999,0.9130434782608695,0.257985257985258,0.40229885057471265,313000.0,105,302
0.7949999999999999,0.9122807017543859,0.25552825552825553,0.39923224568138194,313900.0,104,303
0.7999999999999999,0.9196428571428571,0.25307125307125306,0.3969171483622351,314750.0,103,304
0.8049999999999999,0.9166666666666666,0.24324324324324326,0.3844660194174757,318350.0,99,308
0.8099999999999999,0.9166666666666666,0.24324324324324326,0.3844660194174757,318350.0,99,308
0.815,0.9245283018867925,0.24078624078624078,0.3820662768031189,319200.0,98,309
0.82,0.92,0.22604422604422605,0.3629191321499014,324600.0,92,315
0.825,0.9175257731958762,0.21867321867321868,0.3531746031746032,327300.0,89,318
0.83,0.9263157894736842,0.21621621621621623,0.350597609561753,328150.0,88,319
0.835,0.9247311827956989,0.2113022113022113,0.344,329950.0,86,321
0.84,0.9222222222222223,0.20393120393120392,0.33400402414486924,332650.0,83,324
0.845,0.9213483146067416,0.20147420147420148,0.33064516129032256,333550.0,82,325
0.8499999999999999,0.9213483146067416,0.20147420147420148,0.33064516129032256,333550.0,82,325
0.8549999999999999,0.9213483146067416,0.20147420147420148,0.33064516129032256,333550.0,82,325
0.8599999999999999,0.9285714285714286,0.19164619164619165,0.31771894093686354,337100.0,78,329
0.8649999999999999,0.9493670886075949,0.18427518427518427,0.30864197530864196,339700.0,75,332
0.8699999999999999,0.9487179487179487,0.18181818181818182,0.30515463917525776,340600.0,74,333
0.8749999999999999,0.958904109589041,0.171990171990172,0.2916666666666667,344150.0,70,337
0.8799999999999999,0.9714285714285714,0.16707616707616707,0.2851153039832285,345900.0,68,339
0.8849999999999999,1.0,0.16707616707616707,0.2863157894736842,345800.0,68,339
0.8899999999999999,1.0,0.1597051597051597,0.2754237288135593,348500.0,65,342
0.8949999999999999,1.0,0.1547911547911548,0.2680851063829787,350300.0,63,344
0.8999999999999999,1.0,0.14987714987714987,0.2606837606837607,352100.0,61,346
0.9049999999999999,1.0,0.14496314496314497,0.2532188841201717,353900.0,59,348
0.9099999999999999,1.0,0.13267813267813267,0.23427331887201736,358400.0,54,353
0.9149999999999999,1.0,0.12530712530712532,0.22270742358078602,361100.0,51,356
0.9199999999999999,1.0,0.12039312039312039,0.2149122807017544,362900.0,49,358
0.9249999999999999,1.0,0.11302211302211303,0.20309050772626933,365600.0,46,361
0.9299999999999999,1.0,0.11056511056511056,0.19911504424778761,366500.0,45,362
0.9349999999999999,1.0,0.09582309582309582,0.17488789237668162,371900.0,39,368
0.94,1.0,0.07616707616707617,0.1415525114155251,379100.0,31,376
0.945,1.0,0.07371007371007371,0.13729977116704806,380000.0,30,377
0.95,1.0,0.06142506142506143,0.11574074074074074,384500.0,25,382
